<?xml version="1.0" encoding="UTF-8"?>
<project-private xmlns="http://www.netbeans.org/ns/project-private/1">
    <editor-bookmarks xmlns="http://www.netbeans.org/ns/editor-bookmarks/2" lastBookmarkId="1">
        <file>
            <url>app/Http/Controllers/WelcomeController.php</url>
            <bookmark id="1">
                <name/>
                <line>188</line>
                <key/>
            </bookmark>
        </file>
    </editor-bookmarks>
    <open-files xmlns="http://www.netbeans.org/ns/projectui-open-files/2">
        <group>
            <file>file:/C:/xampp/htdocs/finalp/routes/web.php</file>
            <file>file:/C:/xampp/htdocs/finalp/resources/views/front/includes/header.blade.php</file>
            <file>file:/C:/xampp/htdocs/finalp/resources/views/front/pages/search.blade.php</file>
            <file>file:/C:/xampp/htdocs/finalp/resources/views/front/pages/becomeSeller.blade.php</file>
            <file>file:/C:/xampp/htdocs/finalp/resources/views/front/pages/404.blade.php</file>
            <file>file:/C:/xampp/htdocs/finalp/app/Http/Controllers/WelcomeController.php</file>
        </group>
    </open-files>
</project-private>
